index,id,tweets,likes,time
0,1531363129954865153,"Educa√ß√£o que d√° resultado. Aisha Ellen Lemos Paz, de 19 anos, ex-aluna da nossa rede estadual de ensino, foi aprovada em duas universidades dos Estados Unidos com bolsa integral: a Dartmouth College e Wellesley College. (cont) https://t.co/FQHo2OngbV",85,2022-05-30 19:53:16
1,1531329326033027072,@kevinwtung @Harvard @MikeBloomberg @Princeton @JeffBezos @Penn @elonmusk @BrownUniversity @TedTurnerIII @Yale @SSchwarzman @dartmouth @Cornell @RFS_Vista @Columbia @WarrenBuffett Does this mean anything anymore? = No,0,2022-05-30 17:38:56
2,1531327119535616002,"Top entrepreneurs from each Ivy:
@Harvard = @MikeBloomberg 
@Princeton = @JeffBezos 
@penn = @elonmusk 
@BrownUniversity = @TedTurnerIII 
@Yale = @SSchwarzman 
@dartmouth = Leon Black
@Cornell = @RFS_Vista 
@Columbia = @WarrenBuffett",0,2022-05-30 17:30:10
3,1531325247533686787,"Thank you üá∫üá∏ 

#biggreen #dartmouthwsoccer @ Dartmouth College https://t.co/zmF5aWSsYu",5,2022-05-30 17:22:44
4,1531313829308731395,"‚ÄúFor the first time, researchers from Dartmouth College used modern technology to accurately record how the individual male wood frog‚Äôs mating calls contribute to the amphibian choir as a whole.""

https://t.co/Ja9JcqSpB1 https://t.co/KIDCAWA26P",1,2022-05-30 16:37:21
5,1531313453650018304,"Another implied death threat over weaponizing Russell Wilson + Ciara by @Broncos. Just keeping it classy, Slivka. CC: @dartmouth",0,2022-05-30 16:35:52
6,1531306952546037761,@Classics22FSP @dartmouth @villadestepark Wow!,0,2022-05-30 16:10:02
7,1531305995258953732,"Cast your vote today! 
@QueensUGlobal @dartmouth @durham_uni @otago @queensu @uni_tue @UU_University @uwanews https://t.co/YFpR94jx4Z",0,2022-05-30 16:06:14
8,1531283946813550592,@dartmouth @neal_katyal thank you üíñüí™,0,2022-05-30 14:38:37
9,1531257292393521154,"New artwork for sale! - ""Dartmouth College Dog"" - https://t.co/0vF6p1BA2h @fineartamerica https://t.co/wTV8fTX5xB",0,2022-05-30 12:52:42
10,1531245161996500992,"Vintage First Day of Issue Postage Stamps American Legion, Dartmouth College, Easter Seal Society, Women's Right To Vote, United Nations, UN https://t.co/RWo8nb5jCA via @Etsy",0,2022-05-30 12:04:30
11,1531239140871786496,"Your perceived failure can become the catalyst for profound reinvention.
‚Äì Conan O'Brien, ""Dartmouth College Commencement Address,"" 2011",9,2022-05-30 11:40:34
12,1531235666687934464,"Neural Mechanisms Online
(website)

3 June 2022
Webinar
h14-16 Greenwhich Mean Time / 16-18 CEST

JOIN at https://t.co/QipI5OqBZg

James V Haxby et al.
(Dartmouth College)

Hyperalignment: Modeling shared information encoded in idiosyncratic cortical topographies",0,2022-05-30 11:26:46
13,1531228929620467712,"A team of researchers at Dartmouth College has built an AI model that's able to determine if somebody has a mental disorder based on their Reddit posts.

https://t.co/ITZ7gfMLa5 https://t.co/LceSfq8VDp",3,2022-05-30 11:00:00
14,1531228905293611008,"Representing the Arctic Internationally: Interview with Anne Husebekk, Kirsi Latola and Melody Brown Burkins https://t.co/XPQsdNKKOv  @uarctic @DartArctic @dartmouth @ISC",6,2022-05-30 10:59:54
15,1531202073030668288,@coursera @Google @HubSpotAcademy @dartmouth I have paid fees for one month course on 02.05.2022 and till date have not received any study material. Full month is over and to all my mail and tweets to @coursera I am awaiting solution based response. Am now going to file a fraud case soon.,0,2022-05-30 09:13:17
16,1531189953715126272,"The UK Government announced a new scheme enabling graduates of the world's leading universities to live and work in the UK--a truly life-changing experience.  Sadly, @dartmouth, my alma mater,  isn't among them.  Hopefully they'll get there in future!
https://t.co/ZWUN7FCVoJ",0,2022-05-30 08:25:07
17,1531155810788773888,"in the afternoon, @dartmouth students experienced a different kind of #villa: the amazing Renaissance &amp; Baroque @villadestepark, ft hundreds of fountains designed by the likes of Ligorio &amp; Bernini (+ a water organ that plays at 2:30!), all powered by gravity-fall #fountains! 
2/ https://t.co/DXFkbokpeG",5,2022-05-30 06:09:27
18,1531112144590209024,"Don‚Äôt donate to @dartmouth (or any of these other schools if you are an alum).
I don‚Äôt have confidence Dartmouth is spending money appropriately or promoting academic debate and free speech. Some day I‚Äôll do a Twitter Space where I will describe the mess that is Dartmouth College",0,2022-05-30 03:15:56
19,1531112004487897088,"Good question‚Ä¶ They are bubbles.
It‚Äôs getting worse every year. Dartmouth has turned away from free speech &amp; enforced draconian Covid policies. They will be getting a new College President‚Ä¶Phil Hanlon was a disaster, but knowing @dartmouth, they‚Äôll probably pick some woke hack. https://t.co/RrMlItwFSp",1,2022-05-30 03:15:23
20,1531100154605887489,@Read_The_Rheum @dartmouth Congratulations!!!,1,2022-05-30 02:28:17
21,1531090384192929792,"Harvard University student newspaper survey of graduates finds very few lean conservative

They don‚Äôt drink the Woke Koolaid at these schools, It‚Äôs administered via IV

‚Å¶@Harvard‚Å© ‚Å¶@Yale‚Å© ‚Å¶@Princeton‚Å© ‚Å¶@Cornell‚Å© ‚Å¶@dartmouth‚Å©

https://t.co/Vkw9zqaQVF",0,2022-05-30 01:49:28
22,1531085369122357248,"474th Bouncing Around the Room
Last played: 2021-10-22 at Ak-chin Pavilion 
Gap: 24
First played: 1990-01-20 at Webster Hall, Dartmouth College 
https://t.co/f1X2ck1gkE

#phish #phishstats #phishcompanion",1,2022-05-30 01:29:32
23,1531073003743809537,@ChrisLandauUSA @landau_caroline A ver cuando lo podemos ver por ac√° por @dartmouth #UpperValley amigo de M√©xico. Saludos y buena noche.,1,2022-05-30 00:40:24
24,1531063203618242561,@markbnardo @dartmouth Thank you Dr. Bernardo!,0,2022-05-30 00:01:28
25,1531016223693185025,"@BrownUniversity @Columbia @dartmouth @Cornell @BrownUniversity @Yale @AmherstCollege 
Check each #ETF and mutual fund. 
Do you invest in $OLN ?
If you invest in $OLN then you are buying the ammunition that kills American children. 
Stop this NOW. NOW. 
@Harvard @UCBerkeley",0,2022-05-29 20:54:47
26,1531015763896717315,"Evening, @DangeRussWilson  @ciara. Between clamoring for the ""Grace Kelly"" legacy (here) + @dartmouth elsewhere, you've inspired me to drop more paper on @Broncos as a Club. üëë@mikeklis https://t.co/y9PiFd5TX9",0,2022-05-29 20:52:57
27,1530983810527293440,"@coursera @Google @HubSpotAcademy @dartmouth We love the certificates that @coursera provides.

We can attest that some of our staff have taken certificate courses from Coursera.

@coursera provides good updated information and very inexpensive education.",0,2022-05-29 18:45:59
28,1530961170626134016,"As you‚Äôre taking the next step in your business career, you can build the confidence to manage projects, grow sales, &amp; lead strategically with these new courses. Check out world-class offerings on Coursera from @Google, @HubspotAcademy, @Dartmouth, &amp; more. https://t.co/qtDDGXLWsf https://t.co/YnbQSbrUMW",19,2022-05-29 17:16:01
29,1530952905326350336,@Read_The_Rheum @dartmouth Congratulations üëèüèª,1,2022-05-29 16:43:11
30,1530938872003182595,@Read_The_Rheum @dartmouth Congratulations ‚ù§Ô∏è üéä,1,2022-05-29 15:47:25
31,1530930783992569856,@Read_The_Rheum @dartmouth Congratulations!!,1,2022-05-29 15:15:16
32,1530928778658168833,@Read_The_Rheum @dartmouth Congratulations üëèüéâ Doc !!,1,2022-05-29 15:07:18
33,1530925901025685506,Standing in the shadow of a legend. @biancaesmith12 @dartmouth @BigGreenBasebal https://t.co/FqpX9NPAmK,11,2022-05-29 14:55:52
34,1530903111795101696,"Stoked that @russelwilsonn will be speaking @dartmouth graduation!
Great foundation his wife @ciara and he have to give back to the youth of Seattle!
https://t.co/7SMiZE6P9g https://t.co/Gh2ZhLRb9X",1,2022-05-29 13:25:19
35,1530844396773687296,"This sums up a wonderful day with @DartmouthRR thankyou so much for the memories üåäüåäüåäüòçüåû

@visitsouthdevon @VisitDevon @dartmouth @Devon_Hour #daysout #family https://t.co/32k38m5XTg",8,2022-05-29 09:32:00
36,1530839739917803520,"@erikkain @SarcasticCupcak @GeorgeFromNY1 @dartmouth @GeiselMed Yeah, it's like trying to convince a brick wall they aren't made of wood.",0,2022-05-29 09:13:30
37,1530834364505812992,@djb3ar @SarcasticCupcak @GeorgeFromNY1 @dartmouth @GeiselMed This person is a troll and only worthy of muting,0,2022-05-29 08:52:08
38,1530834096162631680,"@SarcasticCupcak @djb3ar @GeorgeFromNY1 @dartmouth @GeiselMed You are actually quite stupid if you think that's the reason
So yeah I'm muting you now. Go read up this is just pathetic",0,2022-05-29 08:51:04
39,1530833943544537088,@SarcasticCupcak @djb3ar @GeorgeFromNY1 @dartmouth @GeiselMed Your bias is showing. Hard,0,2022-05-29 08:50:28
40,1530797800048537606,"@dartmouth Isn‚Äôt this college supposedly personally familiar with unconstitutional matters? 

I don‚Äôt think its very constitutional to be using made up terms to coerce through deception the support of grieving parents, of failed communities, to let that very government disarm the entire US.",1,2022-05-29 06:26:51
41,1530796906212954113,"@dartmouth What‚Äôs the difference between a 556 pistol and a 556 rifle?

One is used with two hands and can be shouldered with a stock, one is used with one hand and can be fired freehand. 

But to y‚Äôall, they are both assault rifles. 

They are trying to ban all guns.",0,2022-05-29 06:23:17
42,1530796250706083840,"@dartmouth I said it before and I‚Äôll say it again, they are trying to take all of our guns and anyone who thinks that they‚Äôre not trying to take all of our guns doesn‚Äôt understand that assault rifles don‚Äôt exist. They want to ban all guns.",0,2022-05-29 06:20:41
43,1530795670596112385,"@dartmouth Common sense gun control is a myth as most people don‚Äôt have the common sense to know that; AR doesn‚Äôt even stand for Assault Rifle, nor has the AR-15 been available for purchase since 1999. Everything they call an AR, is actually just a regular rifle.",0,2022-05-29 06:18:23
44,1530787359507333120,@Read_The_Rheum @dartmouth Nice,1,2022-05-29 05:45:21
45,1530775125700022272,"@SarcasticCupcak @erikkain @GeorgeFromNY1 @dartmouth @GeiselMed Where is the study that shows the increased realism in graphics is a direct contributor to real-world violence as you strongly claimed above. 

I want evidence for that claim.

You provided a random study that does not in any way prove your point.",2,2022-05-29 04:56:45
46,1530774752545361920,"@SarcasticCupcak @erikkain @GeorgeFromNY1 @dartmouth @GeiselMed agression =/= real world violence. People addicted to anything will show aggression. Its a product of psychology, not video games.

how about you actually produce a study that shows that video games have a direct link to any real-world violence.

Shouldn't be too hard bud",2,2022-05-29 04:55:16
47,1530752777449877508,@Read_The_Rheum @dartmouth !!!!congratulations!!!!,1,2022-05-29 03:27:56
48,1530742345289052160,@SheQuantum @NithyasriSriva @TechXLR8 @IMDAsg @NUSingapore @AuburnU @BostonCollege @BU_Tweets @IQIM_Caltech @PGHQuantum @ChapmanU @coschoolofmines @ColumbiaQuantum @dartmouth @HarrisburgU @HU_COAS @rctmpx @CQE_MIT @MITLL @NorthwesternU @SIUCPhysics,0,2022-05-29 02:46:29
49,1530739156821118976,"@SheQuantum @NithyasriSriva @TechXLR8 @IMDAsg @NUSingapore @TH_Deggendorf @qbraid_official @ISARACorp @LSU @lsuscience @LSUphysastro
@BusinessFinland @FinlandinIndia @helsinkiuni @VTTFinland
@dartmouth @thayerschool @JDWhitfield11 @qbraid_official @QFarmStanford",0,2022-05-29 02:33:49
50,1530738435929120770,"Exactly 10.5 years after arriving at @dartmouth as a Research Assistant I, I've finally completed my chapter here. Time to throw MD on that stitch! https://t.co/ezbN8TN3wZ",121,2022-05-29 02:30:57
51,1530734865435758592,"Quick everyone! Apply for this before it closes on 31 May! 
CFP: Animal Modernities - processes and practices of visual production circa 1750-1900. Held at Dartmouth College, October 13, 2022. https://t.co/RgcFgs1mdh.",0,2022-05-29 02:16:46
52,1530715256921522176,"and here is the man himself. thank you for courage and inspiration, William Kamkwamba
@wkamkwamba
Dartmouth College class of 2014 and Windmill Builder in Malawi.
San Francisco, CAwilliamkamkwamba.comJoined February 2009",0,2022-05-29 00:58:51
53,1530700685330763777,"Vintage First Day of Issue Postage Stamps American Legion, Dartmouth College, Easter Seal Society, Women's Right To Vote, United Nations, UN https://t.co/CRIMMuun9t #Vintage #Collectibles #Etsy #Curios #BestOffer #AtticEsoterica #AmericanLegion https://t.co/5dbGaztqvr",1,2022-05-29 00:00:57
54,1530696503727120385,@BryanMarquard @dartmouth @dartmouthsports I went to D. -,1,2022-05-28 23:44:20
55,1530687244020891651,@GoldretrieverUS @dartmouth @dartmouthsports That makes no sense.,1,2022-05-28 23:07:32
56,1530687046867910656,@GoldretrieverUS @dartmouth @dartmouthsports Yup.,0,2022-05-28 23:06:45
57,1530677612577628166,@BryanMarquard @dartmouth @dartmouthsports Rutland..eh?,2,2022-05-28 22:29:16
58,1530677410248933376,"@BryanMarquard @dartmouth @dartmouthsports Mine too, Brian.  
Women had to share trainers/ training room w Dfootball.  Want to talk abt a crazy situation",2,2022-05-28 22:28:27
59,1530640847691485184,"Just a kid from Northside, Houston, TX dropping some Swishahouse, Selena, Reileros, Tigres Del Norte &amp; Vicente at Dartmouth College for my presentation ‚ÄúLife in the Hyphen.‚Äù ü§òüèΩ

In gratitude for what I experienced the past two days at the Mexico Music Symposium! https://t.co/cRRuMukw2I",22,2022-05-28 20:03:10
60,1530593577709060105,"@BryanMarquard @dartmouth @dartmouthsports Awesome
Been to Rutland VT back in 1988 
Is that the town that has the cool quarry and the beautiful carved tombstones or is that another town.
Sorry it's been a long time",0,2022-05-28 16:55:20
61,1530587944557461506,"A slice of my past: Leverone Field House at @dartmouth / @dartmouthsports where my Rutland (Vt.) High School indoor track team held meets nearly 50 years ago. Maybe the team still does so. Loved the track, was always nervous before meets. #Throwback https://t.co/4N5oOq6Mg2",10,2022-05-28 16:32:57
62,1530584274239336448,@Dartmouth_MIH @dbuffalo31 @dartmouth Your hockey announcer Rob Kennedy is supporting conspiracy theories about 19 murdered kids. Not a good look @dartmouth @Dartmouth_MIH,0,2022-05-28 16:18:22
63,1530510238721384448,"2/  Shonda Rhimes

School: Dartmouth College

""The world has plenty of dreamers. And while they are busy dreaming, the really happy people, the really successful people, the really interesting, engaged, powerful people, are busy doing.""

https://t.co/YcE21gT9jD",39,2022-05-28 11:24:11
64,1530503341117145090,So great to speak to the @dartmouth creative writing class about some aspects of writing The Eternal Audience of One. Always great to meet and learn from other writers.,13,2022-05-28 10:56:46
65,1530472708009492480,"@TheDemocrats @Yale @Harvard_Law @dartmouth @Princeton @Cornell @CNN 
THERE ARE $500 BILL REMAINING IN UNUSED COVID FUNDS! USE THEM FOR SCHOOL SECURITY ACCROSS THE COUNTRY....NOW! ALSO, INFRASTRUCTURE $ YOU ALWAYS TOUT! PUT OUR MONEY WHERE YOUR MOUTHS ARE! https://t.co/oNu6OHCJEc",0,2022-05-28 08:55:03
66,1530375171873325058,"Muy emocionante estar en @HopkinsCenter de @dartmouth para el estreno mundial de las fant√°sticas obras de los compositores mexicanos  @jpcomposer ,  @RodrigoMtzUwU y de Nubia Jaime! Felicidades! @ConsulmexBoston https://t.co/5bSBFhSnhK",33,2022-05-28 02:27:28
67,1530374338959970304,#PrincetonUniversity #CaliforniaInstituteofTechnology #DartmouthCollege #WakeForestUniversity #BrandeisUniversity #BostonCollege #GeorgiaInstituteofTechnology #LehighUniversity #UniversityofRochester #CaseWesternReserveUniversity #UniversityofTexasAustin https://t.co/sRTzxzHgon,0,2022-05-28 02:24:10
68,1530374242834845697,#CaliforniaInstituteofTechnology #UniversityofPennsylvania #UniversityofChicago #DartmouthCollege #DartmouthCollege #NorthwesternUniversity #WashingtonUniversityinStLouis #CornellUniversity #BrownUniversity #UniversityofNotreDame #VanderbiltUniversity #UniversityofFlorida https://t.co/lmITLRjqki,0,2022-05-28 02:23:47
69,1530373530394603521,#CornellUniversity #BrownUniversity #UniversityofNotreDame #VanderbiltUniversity #UniversityofFlorida #PrincetonUniversity #CaliforniaInstituteofTechnology #DartmouthCollege #WakeForestUniversity #BrandeisUniversity #CaseWesternReserveUniversity #UniversityofTexasAustin https://t.co/oaG8LjlOue,0,2022-05-28 02:20:57
70,1530373470856523776,#StThomsaUniversity #GeorgeBrownCollege #NiagaraCollege #AlgonquinCollege #CapeBretonUniversity #CaliforniaInstituteofTechnology #UniversityofPennsylvania #UniversityofChicago #DartmouthCollege #DartmouthCollege #NorthwesternUniversity #WashingtonUniversityinStLouis https://t.co/cJW1fSLw5l,0,2022-05-28 02:20:43
71,1530358538761035776,"The original Dismas model in Nashville, Tennessee emphasized the importance of student involvement. This model has proven effective over decades and we are happy that our relationship with Dartmouth College grows stronger every year. #futureleaders https://t.co/WHYHTL9JTf",1,2022-05-28 01:21:22
72,1530317466840219650,"@afierrog @ConsulmexBoston @dartmouth @IME_SRE Saludos desde Hanover, que lastima que no los pude saludar. ü•π",0,2022-05-27 22:38:10
73,1530308715798315009,"En @dartmouth se present√≥ el libro ‚ÄúManos que hablan. Voces de las granjas lecheras‚Äù de Maria Clara de Graff, galardonada por su activismo, con fotos de J.C. Alvarez. @IME_SRE @ConsulmexBoston https://t.co/utT7yQMiJY",17,2022-05-27 22:03:24
74,1530296918492033024,"Our Mock Trial Society‚Äôs members got a shout out for their awards! Check out the article here: https://t.co/00WCH4oFaa

@thedartmouth @dartmouth #dartmouthmock https://t.co/if0XYu6DYc",9,2022-05-27 21:16:31
75,1530296905124691969,"As summer approaches, consider joining us for one of our camps here at Dartmouth College

https://t.co/JxUAHruqgT

Open to any and all.",1,2022-05-27 21:16:28
76,1530277210447298562,"@TheDemocrats @dscc @DNC  @HouseDemocrats @Yale @GOP @dartmouth @Harvard @CNN @MSNBC Today's Democrats; Mandates, inflation, domestic oil/ gas production cut, gas up to $5+/ gal and rising, they shouted DEFUND, weakened our criminal justice system, crime  https://t.co/WtclgmShRZ",0,2022-05-27 19:58:12
77,1530274119572283393,"The recordings of Prof. Allan's talks are now online! 
https://t.co/M2UZmJVpV1
@UCBerkeleyEALC @dartmouth #chinesestudies #ancientchina https://t.co/V00JmGBD4s",6,2022-05-27 19:45:55
78,1530269088370638850,"On certain days, the ‚Å¶@dartmouth‚Å© bell tower plays certain well-known songs. Can you guess today‚Äôs theme? https://t.co/P6Pms3HVUv",3,2022-05-27 19:25:56
79,1530262589850193920,"Feature Friday: Rodolfo Araujo, CFA, Senior Managing Director, @FTIConsulting 

-M.B.A. from @TuckSchool at @dartmouth 
-M.A. in Marketing from @espm 
-B.A. in Communication from @unicaes_sv

Join Rodolfo, and experts from @NAVEXInc &amp; @Applied4Tech on 6/8
https://t.co/vYMWvgGJBR https://t.co/omnUBOhBcV",0,2022-05-27 19:00:06
80,1530261395731791873,"Senior Associate Dean for Foundational Research-Hanover, New Hampshire (US)-Dartmouth College, Geisel School of Me https://t.co/ZvsxFXhQZp",0,2022-05-27 18:55:22
81,1530261026427457536,"Vintage First Day of Issue Postage Stamps American Legion, Dartmouth College, Easter Seal Society, Women's Right To Vote, United Nations, UN https://t.co/sPK2pXjvWI via @Etsy",0,2022-05-27 18:53:54
82,1530227485048295425,"Cpüèà: Thanks to Dartmouth College for stopping by The Nest today to check on our Scholar Athletes!
#WingsUp https://t.co/Vu7s2yTD6w",6,2022-05-27 16:40:37
83,1530226872671428608,"@TheDemocrats @AliMayorkas @POTUS @PressSec @DHSgov @Yale @Cornell @WSJ @dartmouth @Harvard_Law @MSNBC @FoxNews BIDEN AND MAYORKAS ARE LIARS, CHEATS &amp; DECIEVING AMERICANS! THIS IS NOT TRANSPARENT, OPEN OR FAIR! Watch...
https://t.co/TBpKFYwepf",0,2022-05-27 16:38:11
84,1530224274589396993,@LillBj @DartArctic @dartmouth @AAU_Arctic I see @mbbvt,1,2022-05-27 16:27:51
85,1530216953536688128,"@TLRed19 @mmpadellan 20 would be perfect. 68 Democrats and 2 traitors. 

That's what you need to REMOVE rights granted by these rulings:
Citizens United
Heller
Dartmouth College vs Woodward

And make these constitutional rights:
Abortion
Birth Control
Voting Rights
Freedom FROM Religion",0,2022-05-27 15:58:46
86,1530215360011583502,@avidreadershow @stanfordpress @dartmouth Updated link!  https://t.co/so7ibRyLEK,0,2022-05-27 15:52:26
87,1530215016007454720,@LurkerBored @pelhamfall @tencor_7144 That Lebanon/Hanover/Dartmouth College area is one of the few spots Sununu lost in his 2020 landslide that flipped the state house and senate,2,2022-05-27 15:51:04
88,1530202932318289920,@afierrog @HopkinsCenter @dartmouth @ConsulmexBoston @DiplomaciacMX Suena muy interesante. ¬øHubo alguna grabaci√≥n para poder escuchar esas obras de compositores mexicanos?üé∂,0,2022-05-27 15:03:03
89,1530190169311268865,"Return to @parcostiantica for @dartmouth student presentations! Thanks to Tanner &amp; Chloe for showing the group the Republican-era #temples and Gerol &amp; Ashley for taking us on a tour of the #Forum baths!

#roman #architecture #Archaeology @Classics22FSP https://t.co/ODqJgeWcWJ",8,2022-05-27 14:12:20
90,1530167881979265032,@AngelaMcconney @MassBarFdn @MassBar @MAblacklawyers @dartmouth @IowaLawSchool Congratulations! We're looking forward to celebrating you on June 7 üéâ,3,2022-05-27 12:43:46
91,1530167509881585664,"Join us today, Friday the 27th, in Haldeman 41 at 4:30pm to celebrate the completion of two brilliant senior honors theses @dartmouth. Katelyn Zeser will be presenting on the making of Moroccan Hip-Hop, while Clay Foye will be discussing Arabic in the digital age. https://t.co/tSAAAArMgQ",5,2022-05-27 12:42:18
92,1530165817949691906,"In the news: Angela McConney Scheepers @MassBarFdn
@MassBar @MAblacklawyers
@dartmouth @AngelaMcconney
@IowaLawSchool https://t.co/llhgUjfh4a",1,2022-05-27 12:35:34
93,1530154920766279682,@Entelect Dartmouth college #entelectdevday,1,2022-05-27 11:52:16
94,1530152974433009664,With Suffolk County District Attorney Kevin Hayden @DAKevinHayden @dartmouth @AngelaMcconney @karen_e https://t.co/IkpujyDCcC,3,2022-05-27 11:44:32
95,1530150994436362240,@Entelect Dartmouth College #EntelectDevDay,1,2022-05-27 11:36:40
96,1530150091486638080,@Entelect Dartmouth college #entelectdevday @Entelect,1,2022-05-27 11:33:05
97,1530149882429841408,@Entelect Dartmouth college #entelectdevday,1,2022-05-27 11:32:15
98,1530149549456728065,@Entelect Dartmouth College #EntelectDevDay,1,2022-05-27 11:30:56
99,1530148618665074690,@Entelect Dartmouth College @Entelect #entelectdevday,1,2022-05-27 11:27:14
100,1530147433430368257,@Entelect Dartmouth College #entelectdevday,1,2022-05-27 11:22:31
101,1530147375137927174,"@Entelect
Dartmouth College

#EntelectDevDay #entelectdevday",1,2022-05-27 11:22:17
102,1530147354036379650,@Entelect Dartmouth College #entelectdevday,1,2022-05-27 11:22:12
103,1530138241982144516,New suspect charged in vandalism of Dartmouth College menorah https://t.co/1kjOKmsSoI,0,2022-05-27 10:46:00
104,1530063654133018625,New suspect charged in vandalism of Dartmouth College menorah https://t.co/nyxSTOAgPZ,0,2022-05-27 05:49:37
105,1530046563300540416,"Even at party-hearty Dartmouth College in New Hampshire, the students in an entire dormitory have pledged to stay sober during their four years of school.",0,2022-05-27 04:41:42
106,1530023147595964416,#CornellUniversity #BrownUniversity #UniversityofNotreDame #VanderbiltUniversity #UniversityofFlorida #PrincetonUniversity #CaliforniaInstituteofTechnology #DartmouthCollege #WakeForestUniversity #BrandeisUniversity #CaseWesternReserveUniversity #UniversityofTexasAustin https://t.co/zuiw6XfHS0,0,2022-05-27 03:08:39
107,1530023100074512384,#CornellUniversity #BrownUniversity #UniversityofNotreDame #VanderbiltUniversity #UniversityofFlorida #PrincetonUniversity #CaliforniaInstituteofTechnology #DartmouthCollege #WakeForestUniversity #BrandeisUniversity #CaseWesternReserveUniversity #UniversityofTexasAustin https://t.co/oZUIseUkrs,0,2022-05-27 03:08:28
108,1530023034668449792,#StThomsaUniversity #GeorgeBrownCollege #NiagaraCollege #AlgonquinCollege #CapeBretonUniversity #CaliforniaInstituteofTechnology #UniversityofPennsylvania #UniversityofChicago #DartmouthCollege #DartmouthCollege #NorthwesternUniversity #WashingtonUniversityinStLouis https://t.co/Jvzd9yWZmL,0,2022-05-27 03:08:12
109,1530022338997141510,"@afierrog @HopkinsCenter @dartmouth @ConsulmexBoston @DiplomaciacMX ¬°Bravo, Alberto!",1,2022-05-27 03:05:26
110,1530021408708894720,"Un privilegio participar en la inauguraci√≥n del MusicMexicoSymposium en el @HopkinsCenter de @dartmouth . Dos d√≠as de dialogo interdisciplinario sobre el repertorio musical de M√©xico, su recepci√≥n en EU, y el estreno de 5 obras de compositores de Mx para  el Ensamble de Vientos. https://t.co/en3i5o4j3s",38,2022-05-27 03:01:44
111,1529987890670981131,Vermont Living:Visit Norwich VT #norwichvermont #dartmouthcollege #uppervalleynh #vtlodging #vtinns #vermont #kingarthurflour #norwichinn #vt #NorwichInn #VermontInns #VT,0,2022-05-27 00:48:33
112,1529987127102132226,Vermont Living:Visit Norwich VT #norwichvermont #dartmouthcollege #uppervalleynh #vtlodging #vtinns #vermont #kingarthurflour #norwichinn #vt,1,2022-05-27 00:45:31
113,1529987118348500993,"GO BIG GREEN!üå≤

Taylor and I (and Gator the Cat) are moving to New Hampshire, as I start a position with Dartmouth College as a Varsity Athletics Communications Specialist!

I am so thankful for this opportunity, and I cannot wait to get started! 

#TheWoods | @dartmouthsports https://t.co/LcizgaUdYg",56,2022-05-27 00:45:29
114,1529968790913572885,Blessed to receive an offer from the prestigious Dartmouth College! #TheWoods https://t.co/dlc8VaVYgh,91,2022-05-26 23:32:39
115,1529956265853607939,"Even at party-hearty Dartmouth College in New Hampshire, the students in an entire dormitory have pledged to stay sober during their four years of school.",0,2022-05-26 22:42:53
116,1529954141283442716,Mesa: Dartmouth College Republicans (dis)United https://t.co/gYBSLketg3,0,2022-05-26 22:34:27
117,1529933555584974870,"@aeonmag Re: ""...at Dartmouth College in Vermont.""

Actually, it is located across the river in New Hampshire.  
Not sure how this one got past the editor.",0,2022-05-26 21:12:39
118,1529932077512138752,"@DineshDSouza DD,
Loved your latest movie. How about the goof trying to stuff a dozen ballots in together and half drop on the ground?
Hey, does your wife know about your college roll in the hay with Laura I? @IngrahamAngle @MonicaCrowley @ThatKevinSmith @RicFlairNatrBoy @dartmouth",0,2022-05-26 21:06:46
119,1529928100154421248,"The Dartmouth College Ukrainian Student Association will be holding an exhibition dedicated to the lives and bravery of the Ukrainian people during the Russian invasion and war. 10am-8pm on Fri-Sun, May 27-29 in the HOP garage (room #132, next to the Courtyard).",0,2022-05-26 20:50:58
120,1529915038424780827,@dartmouth @neal_katyal Don't forget who will be speaking at the NRA convention this weekend in Texas - of all places üò° https://t.co/krzXgzZ7u5,0,2022-05-26 19:59:04
121,1529884733194358784,"¬° Como vaya yo y lo encuentre !

Mu√±eco de la Tribu Yuma
S XX
¬©  Hood Museum of Art. Dartmouth College

#Mu√±ecArte https://t.co/teRl8q1Fee",65,2022-05-26 17:58:38
122,1529867443279122432,"@DartDems @CindeWarmington @dartmouth Hey Dartmouth Dems, would you like to be Carbon Cash-Back Town Champions for your NH hometowns? Or perhaps help Hanover pass a resolution? Please check out https://t.co/qvtXQJE7rW. You'll find support for cash-back carbon pricing from a dozen of your own Economics profs. Thanks!",0,2022-05-26 16:49:56
123,1529853630773329922,"@ykomska @geogvma @dartmouth St. Johns Law discarded two containers of case reporters and treatises when I was doing my JD there twelve years ago, and I would walk past the moldering paper into the basement of the building and felt I was walking past a charnel heap.",1,2022-05-26 15:55:03
124,1529850699097559041,"@ykomska @dartmouth Yeah, WSU has an ""Undergraduate Library"" and I'm not entirely sure there are any books in there at all. If I'm not mistaken, other libraries have been decommissioned entirely and their collections have been farmed off to other libraries, put in storage, or simply disposed of.",1,2022-05-26 15:43:24
125,1529850184313802753,"@geogvma @dartmouth has also notified us that our remodeled building will not have book spaces b/c books are old technology, and they're building for the 100 years ahead...",0,2022-05-26 15:41:21
126,1529847719694680066,"@AliMayorkas @POTUS @PressSec @DHSgov @Yale @Cornell @WSJ @dartmouth @Harvard_Law @MSNBC @FoxNews BIDEN AND MAYORKAS ARE LIARS, CHEATS AND DECIEVING AMERICANS! THIS IS NOT TRANSPARENT, OPEN OR FAIR! Watch...
https://t.co/TBpKFYwepf",0,2022-05-26 15:31:34
127,1529839894482264064,"Guest columnist Gregory Mesa ‚Äô22 criticizes the Dartmouth College Republicans‚Äô shift towards ‚Äúcontroversy over conversation.‚Äù¬†The organization¬†has¬†aligned itself¬†with the College Republicans United, a group that¬†openly rejects immigration, he argues. https://t.co/TwMAN5jTf7",5,2022-05-26 15:00:28
128,1529829887086821377,@SamManicom @ybw @dartmouth @Devon_Hour @coastmag @Wanderlust_Laur What a project that would make.,0,2022-05-26 14:20:42
129,1529827979274092544,"@mhp4nhrep @MerryJaine @dartmouth I hope you mean something that will actually make a difference. We need gun control, background checks, incr wait times as well as incr mental health support.",0,2022-05-26 14:13:07
130,1529825934861291520,"Composer Rodrigo Martinez's (MF 19) ""Drum Kit Concerto,"" the focus of his fall 2019 #MacDowellResidency, has its world premiere in the Music Mexico Symposium at @dartmouth's @HopkinsCenter tonight! #MadeAtMacDowell  https://t.co/ZBxincqDiX",2,2022-05-26 14:05:00
131,1529823864535982082,First staff meeting at @dartmouth #Fulbright @DartArctic @AAU_Arctic https://t.co/UGVZoVgOUV,15,2022-05-26 13:56:46
132,1529818383440551936,@drea_thorn @dartmouth @neal_katyal go back to massachusetts,0,2022-05-26 13:34:59
133,1529817879574716417,@dartmouth Institutions that advocate violating the constitution should no longer be eligible to receive public funding,0,2022-05-26 13:32:59
134,1529804014421934081,"visiting position, Dartmouth College https://t.co/M9ZX1pDwGY #critgeogforum",0,2022-05-26 12:37:54
135,1529769450026713089,"Rep Ann Kuster (D-NH) accepted $48,337 from Dartmouth College. She serves in the Committee on Agriculture.",3,2022-05-26 10:20:33
136,1529756251126910976,@SamManicom @ybw @dartmouth @Devon_Hour @coastmag @Wanderlust_Laur That's an interesting and refreshing way of looking at things Sam! Love your words. wise indeed,1,2022-05-26 09:28:06
137,1529751376556871683,@SamManicom @ybw @dartmouth @Devon_Hour @coastmag @Wanderlust_Laur Sadly an all too common problem these days. Grp is a great medium for making a hull but because it doesn't rot there are masses of unwanted boats out there. Looking at the fenders all over this one maybe a river taxi?,0,2022-05-26 09:08:44
138,1529723551154159618,VT Locals Know Best:Visit Norwich VT #norwichvermont #dartmouthcollege #uppervalleynh #vtlodging #vtinns #vermont #kingarthurflour #norwichinn #vt #NorwichInn #VermontInns #VT,0,2022-05-26 07:18:10
139,1529722967579664384,VT Locals Know Best:Visit Norwich VT #norwichvermont #dartmouthcollege #uppervalleynh #vtlodging #vtinns #vermont #kingarthurflour #norwichinn #vt,0,2022-05-26 07:15:51
140,1529719003207372802,"Born in New York and raised in London, this Crimson student is ready for New Hampshire!¬†‚ÄãTo read more about Francesco's journey, go to the link below. 
‚Äã
‚Äã#dartmouth #London #newyork #ivyleague #crimsoneducation https://t.co/Eb9Zit9pyx https://t.co/uVFVabzYMO",1,2022-05-26 07:00:05
141,1529691005561217025,"@1in5advocacy @GovChrisSununu @Elliot_Gault @NHSpeaker @cordellifornh @Moms4EDFreedom @TracyWalbridge @DGildersleeve88 @Moms4LibertyNH What else did Title IX ""Dear Colleague"" do? It interfered with Title VI. Thus in NH (Dartmouth College for example) you find that black males are accused of sexual assault at vastly different proportions against student population. White female ideologists in NH are a danger.",1,2022-05-26 05:08:50
142,1529661227487461376,@dartmouth @neal_katyal So happy to see this type of response from Dartmouth.,4,2022-05-26 03:10:31
143,1529658979269365760,Martin Luther King III calls for protecting voting rights while speaking at Dartmouth College https://t.co/ehOpDzM46n,0,2022-05-26 03:01:35
144,1529658406180638720,"Why the hell is @dartmouth even issuing a statement on the Uvalde, Texas shootings? @DineshDSouza @IngrahamAngle https://t.co/NGvTPa9C9U",0,2022-05-26 02:59:18
145,1529650870840971264,@dartmouth We hear you loud and clear. Tomorrow your Representatives to the General Court of NH will vote for gun violence prevention. We will not be complicit. #NHPolitics,12,2022-05-26 02:29:21
146,1529645055002091521,"@dartmouth If the gun protectors in Congress are voted out, things may change. If they retain their seats, nothing will change.
Pretty simple.   S King",0,2022-05-26 02:06:15
147,1529643727224025088,"@TheDemocrats @nytimes @wsj @SenSchumer @FoxNews @latimes 
@Yale @dartmouth @Harvard @FoxNews @Harvard_Law @columbia @Cornell https://t.co/8tJ4HJuWXj",0,2022-05-26 02:00:58
148,1529642367057334274,"@dartmouth Hey 
@Dartmouth
 WTF is common sense gun control legislation?  Can we get some specifics rather than PC bullshit???  you too @MiamiHeat @NBA @nytimes",1,2022-05-26 01:55:34
149,1529639399150997506,@dartmouth @neal_katyal Keep calling @dartmouth. Just not sure our NH state legislature ‚Äîdominated as it is by the GOP ‚Äîis wise enough to hear your call. And the NH federal delegation would be happy to do what you ask but they can‚Äôt do anything unless the GOP stops obstructing. But keep the pressure on.,2,2022-05-26 01:43:46
150,1529605499292991493,"Great to have @CindeWarmington on the @dartmouth Green today on the heels of her announcement for reelection to the Executive Council!

Primary is Sept. 13th‚ÄîGOTV and get involved!

#NHPolitics https://t.co/sVfmEu7Op5",23,2022-05-25 23:29:04
151,1529595988624740353,@back_prof @caslernoel @GovAbbott @BetoORourke taking it to the streets and back to blockealking is outdated obsolete and anoying please it's to hot to meet you at the door @usgcrp @dartmouth @TAMUSanAntonio @unam @SmogonU,0,2022-05-25 22:51:16
152,1529586365087854598,@ericastownsend @dartmouth Great job Smith Lab!,2,2022-05-25 22:13:02
153,1529584074544799745,"Proud of our junior students receiving College Book Awards. Schools partner with EVHS celebrating emerging leaders. 
@dartmouth Ben Vanorny
@BrandeisU Lenora Kwadzo
@Harvard  Sonya Olson
@Yale Allie Nathan
@BrynMawrCollege Abby Smith 
@rpi  Nathan Elango https://t.co/KNbXE1PTfu",6,2022-05-25 22:03:56
154,1529579788083646465,My stellar undergrads presented their first poster today at the @dartmouth undergrad symposium today!! I‚Äôm so proud of all their hard work ü•≥ https://t.co/QeZe6eQx6g,38,2022-05-25 21:46:54
155,1529567110124421121,@McFaul Kissinger did a seminar for @dartmouth‚Äôs gov department and it was fucking embarrassing. Didn‚Äôt mention Hong Kong protests or Ughyur Muslims once. He‚Äôs become a sycophant to Chairman Xi and the CCP.,1,2022-05-25 20:56:31
156,1529565297937682433,When building a grid for #renewableenergy it help to have a blueprint. @nhpr takes thoughts from @Nature_NE's Sarah Jackson and @dartmouth's Amro Farid on a Blueprint released by @Renew_NE on Monday. https://t.co/PMTDsRXUOr https://t.co/zAnXnZvOkN,1,2022-05-25 20:49:19
157,1529562736673411072,"@TheDemocrats @POTUS @DrBiden @Yale @dartmouth @Cornell @Penn @nyuniversity @WSJ @nytimes @CNN @SenSchumer
Wait! What did Joe Biden just say? Quote:""...the strength that we've built is inflation."" And Chuck Schumer thinks we need to ADD more money into the economy. Out of touch! https://t.co/wQOmQzwpeU",0,2022-05-25 20:39:08
158,1529551275175596034,#CaliforniaInstituteofTechnology #UniversityofPennsylvania #UniversityofChicago #DartmouthCollege #DartmouthCollege #NorthwesternUniversity #WashingtonUniversityinStLouis #CornellUniversity #BrownUniversity #UniversityofNotreDame #VanderbiltUniversity #UniversityofFlorida https://t.co/BdzmsMYfeu,0,2022-05-25 19:53:36
159,1529550586068103168,#CornellUniversity #BrownUniversity #UniversityofNotreDame #VanderbiltUniversity #UniversityofFlorida #PrincetonUniversity #CaliforniaInstituteofTechnology #DartmouthCollege #WakeForestUniversity #BrandeisUniversity #CaseWesternReserveUniversity #UniversityofTexasAustin https://t.co/XB1mcJpGGi,0,2022-05-25 19:50:52
160,1529550521719173120,#StThomsaUniversity #GeorgeBrownCollege #NiagaraCollege #AlgonquinCollege #CapeBretonUniversity #CaliforniaInstituteofTechnology #UniversityofPennsylvania #UniversityofChicago #DartmouthCollege #DartmouthCollege #NorthwesternUniversity #WashingtonUniversityinStLouis https://t.co/7tPAfjyyfB,0,2022-05-25 19:50:36
161,1529524183247507457,Neuroimaging postdoc position in Cognitive Science at Dartmouth College working with @aroskies and Jonathan Phillips (rolling deadline evals begin June 20) https://t.co/TUVArimUK6,9,2022-05-25 18:05:57
162,1529512814397820930,@CNN @MSNBC @Yale @Harvard_Law @Cornell  @dartmouth  @FoxNews @ABC @TheView Dem's/John Kerry's  plan... https://t.co/FF6NDlwwlB,0,2022-05-25 17:20:46
163,1529496719557279750,"@Yale @dartmouth @Harvard_Law @Penn @Cornell @TheDemocrats @AFTunion @NEA @dnc
This is disfunctional America under Democratic control. There needs to be a balance. Their total hold on government is not healthy for our children or our communities. High crime, late term abortions, https://t.co/foXqWM5FzQ",0,2022-05-25 16:16:49
164,1529495069379678209,@dartmouthalumni @DartmouthMag @WofDartmouthDC @MagnusonCenter @dartmouth  #greenpride https://t.co/Yf4SaHj4TD,0,2022-05-25 16:10:15
165,1529485990364073984,"https://t.co/lYiWW6faPr I keep adding more photos each day as I clear stuff in the house, which is still a tremendous job. But I'm trying! Pass it on...
#hanovernh #housesforsale #dartmouthcollege #forsalebyowner",0,2022-05-25 15:34:11
166,1529476447982825472,@JDCocchiarella @AnnaForFlorida @FBI @dartmouth these are the type of people representing you. Contacting the FBI lying to try and get people arrested for saying they don't agree with the President. Smh,1,2022-05-25 14:56:16
167,1529461531791982594,"Neural Mechanisms Online
(website)

3 June 2022
Webinar
h14-16 Greenwhich Mean Time / 16-18 CEST

JOIN at https://t.co/QipI5OqBZg

James V Haxby et al.
(Dartmouth College)

Hyperalignment: Modeling shared information encoded in idiosyncratic cortical topographies",1,2022-05-25 13:56:59
168,1529461015200641024,After a great conversation with @Coach_McCorkle I‚Äôm bless to receive my 4th Ivy League and 19th division 1 offer from Dartmouth College @adamgorney @Coach_Gibson51 @Coach_JLove @coachchaney96 @CoachDelgado61 @RWrightRivals @Andrew_Ivins https://t.co/Zhfo5zP3SI,44,2022-05-25 13:54:56
169,1529460687432556546,"Can't believe I'm actually saying the Dartmouth Review did something productive, but they reported that the Dartmouth College Republicans changed their affiliation from the CNRC to College Republicans United.  If that rings a bell...

https://t.co/cbabyQtIJO",0,2022-05-25 13:53:38
170,1529459410887639043,VT Living Update:Visit Norwich VT #norwichvermont #dartmouthcollege #uppervalleynh #vtlodging #vtinns #vermont #kingarthurflour #norwichinn #vt #NorwichInn #VermontInns #VT,0,2022-05-25 13:48:34
171,1529459032641216512,VT Living Update:Visit Norwich VT #norwichvermont #dartmouthcollege #uppervalleynh #vtlodging #vtinns #vermont #kingarthurflour #norwichinn #vt,0,2022-05-25 13:47:04
172,1529450567369641986,@urfave_gemini @PlanetFitness Dartmouth college does the same thing believe it or not,0,2022-05-25 13:13:25
173,1529447516214796289,"On this #WelcomeNewEditorsWednesday, meet our new #OPG_JOSA_A Topical Editor Markus Testorf, @dartmouth Thank you for volunteering your time to support @OpticaPubsGroup and in particular JOSA A! https://t.co/S0ehT8fBnN",1,2022-05-25 13:01:18
174,1529425514737303557,"@WhiteHouse @PressSec @JoeBiden @POTUS @FoxNews @ABC @TheDemocrats @CNN @theview @JoyVBehar @MSNBC @Yale @dartmouth @Harvard @Penn @BrownUniversity
BIDEN'S PRESS SECTY SAYS, NOW, THEY DONT TRACK THE STOCK MARKET...HOW CONVENIENT.üôÑ https://t.co/XxMNRbL7jZ https://t.co/QALtP4l8tO",0,2022-05-25 11:33:52
175,1529423953281830915,"@brianstelter @CNNPolitics @CNN 
@TheDemocrats @Harvard @Yale @Princeton @dartmouth @Harvard_Law @Penn 
Democrat's Border policy...We have a cell phone for you, a flight to your destination, room, board and healthcare and whatever town you end up in will pay to educate your kids. https://t.co/kfNi9bfCqy",0,2022-05-25 11:27:40
176,1529412496083169280,"Texas police are investigating the fatal shooting of 25-year-old Anna Moriah Wilson, a Vermont native, Dartmouth College graduate, and competitive off-road cyclist who was killed days before a race in Texas, according to authorities.
Vermont native slain in Texas; was set to c... https://t.co/suHApeH37s",1,2022-05-25 10:42:08
177,1529411618890608640,"Texas police are investigating the fatal shooting of 25-year-old Anna Moriah Wilson, a Vermont native, Dartmouth College graduate, and competitive off-road cyclist who was killed days before a race in Texas, according to authorities.
Vermont native slain in Texas; was set to c... https://t.co/mtYBiKZhFf",0,2022-05-25 10:38:39
178,1529410794995077120,"Texas police are investigating the fatal shooting of 25-year-old Anna Moriah Wilson, a Vermont native, Dartmouth College graduate, and competitive off-road cyclist who was killed days before a race in Texas, according to authorities.
Vermont native slain in Texas; was set to c... https://t.co/yq2t7UXiGe",0,2022-05-25 10:35:23
179,1529402141441462273,"Dr. @BillHudenko, research assistant professor in Dartmouth College‚Äôs Department of Psychological and Brain Sciences, said, ‚Äúthe negative impact of that (distraction from apps) is that it very much does fracture and divide our attention when we‚Äôre trying to focus on other tasks.‚Äù",0,2022-05-25 10:01:00
180,1529400693068599296,"Vintage First Day of Issue Postage Stamps American Legion, Dartmouth College, Easter Seal Society, Women's Right To Vote, United Nations, UN https://t.co/mSQaixcGKq via @Etsy",0,2022-05-25 09:55:14
181,1529394864546267137,"Hoje, h.17.00, AULA KELSEN via Galliera 3 - ALMA HUMAN AI teremos o prazer de receber, em presen√ßa, o professor David Plunkett do Dartmouth College (EUA) com a palestra ""Legal Interpretation, Conceptual Ethics, and Alternative Legal Concepts"" https://t.co/yDQdEKQ5kT https://t.co/HCtc6PCyxb",0,2022-05-25 09:32:05
182,1529394838742962176,"Today, h.17.00, AULA KELSEN via Galliera 3 - ALMA HUMAN AI we will have the pleasure to host, in presence, professor David Plunkett from Dartmouth College (USA) with the lecture ""Legal Interpretation, Conceptual Ethics, and Alternative Legal Concepts"" https://t.co/hX16ZZgLbE",0,2022-05-25 09:31:58
183,1529332432465371136,"Vintage First Day of Issue Postage Stamps American Legion, Dartmouth College, Easter Seal Society, Women's Right To Vote, United Nations, UN https://t.co/0Pim7EZYcN via @Etsy",0,2022-05-25 05:24:00
184,1529279830197510145,"@TheDemocrats @TuckerCarlson @JoyVBehar @Yale @dartmouth Biden Quotes Scripture but feels fine w FULL TERM ABORTIONS! Please w his insincere bs.Let me ask you,if a teenager kills w their car,do we ban cars or prosecute drivers.Did parents know the driver was mentally incompetent?",1,2022-05-25 01:54:58
185,1529270409610334208,@aadel_chaudhuri @RRS_RadRes @DHMC_RadOnc @DartmouthHitch @dartmouth Great guy nice suit!,0,2022-05-25 01:17:32
186,1529256659629088768,"Friends since Sullivan Middle School, Elissa and Jada will be graduating from RHHS on Friday and off to private colleges in a few months‚Ä¶.Lee University in Tennessee and Dartmouth College in New Hampshire!  Thank you Rock Hill Schools! #proudmoms @RockHillSchools https://t.co/LiFWjfDXMj",27,2022-05-25 00:22:54
187,1529249248881016836,After an amazing talk with @coachirishodea I have recieved a D1 offer to Dartmouth College!! Go Big Green!! @SimmonsFamily  @BenDavisFB @DartFootball https://t.co/JLUNkOSbKf,52,2022-05-24 23:53:27
188,1529239097847447561,#energy #business #dartmouthcollege #climaterisks #columbiauniversity #makingmoney #marty #dock https://t.co/kr7zm7LHkm,1,2022-05-24 23:13:07
189,1529224225147469828,We are pleased to announce the completion of the Class of 1982 Engineering and Computer Science Center at @dartmouth College. HGA collaborated closely with Dartmouth to fulfill an acute space demand for cutting-edge engineering and computer science: https://t.co/bVUV9utHwL https://t.co/nIBYUbalIu,4,2022-05-24 22:14:01
190,1529208304991358979,"Now Hiring: Associate Director of Finance for Ticketing and Sales | Dartmouth College Athletics: Hanover, New Hampshire | https://t.co/i6c8fDYbkM #jobs",1,2022-05-24 21:10:45
191,1529195077934923780,"@TheDemocrats @Yale @dartmouth @Cornell @Harvard_Law @Princeton @CNN @MSNBC @brianstelter @joerogan
If true, Biden has put our country in a very insecure position. His open border policy at work...ISIS PLOTS TO ASSASSINATE EX-PRES. BUSH! https://t.co/A1uLlIZbbQ",0,2022-05-24 20:18:12
192,1529195056523104256,Visit Norwich VT #norwichvermont #dartmouthcollege #uppervalleynh #vtlodging #vtinns #vermont #kingarthurflour #norwichinn #vt #NorwichInn #VermontInns #VT,0,2022-05-24 20:18:07
193,1529194386717802498,Visit Norwich VT #norwichvermont #dartmouthcollege #uppervalleynh #vtlodging #vtinns #vermont #kingarthurflour #norwichinn #vt,0,2022-05-24 20:15:27
194,1529191182982586371,#NHpolitics #VotingRights #VotingMatters #VotingRightsAct  https://t.co/fILIhjYs5r,2,2022-05-24 20:02:43
195,1529173960759427072,"I wrote a play about sex and going to hell. It‚Äôs my @dartmouth honors thesis in Theater, and I‚Äôm excited to finally perform it this weekend! Friday and Saturday, 8PM at the @HopkinsCenter; free tickets/rsvp at https://t.co/01ZptjyshJ! 

‚ù§Ô∏è‚Äçüî• hope to see you there ‚ù§Ô∏è‚Äçüî• https://t.co/rynV3ZC2H5",7,2022-05-24 18:54:17
196,1529167596150575105,"For college students, #COVID-19 isn't the only thing they are fighting. Researchers at @dartmouth believe the pandemic has been incredibly tough on college students by throwing them through ""a literal mental health roller coaster.""
https://t.co/A2UfUMc7cf",0,2022-05-24 18:29:00
197,1529164731080220672,"@dartmouth (the 2018 rebranding seems to mostly argue in favor of simplifying the design for social media and overall brand identity, not addressing the problematic nature of the seal)",0,2022-05-24 18:17:37
198,1529163943381540868,"Wait, what's with the @Dartmouth seal? Little naked Indigenous people being struck by the light of knowledge? ""whence proceed Natives towards an Edifice two Storey on the left."" Sure, it's from the 18th-century, but what about today? https://t.co/4EM6DBKZoH",0,2022-05-24 18:14:29
199,1529142187287531525,"@TheDemocrats @CNN @MSNBC @yale @Harvard_Law @Cornell @dartmouth @brianstelter 
It took 14 months to go from ‚Äúbuild back better‚Äù to ‚Äúthere will be food shortages‚Äù.  ‚Äî Joe Rogan
W T F Joe Biden? https://t.co/kdd5R9kuGm",1,2022-05-24 16:48:02
200,1529138849670209536,‚Å¶@Harvard‚Å© ‚Å¶@Yale‚Å© ‚Å¶@Princeton‚Å© ‚Å¶@BrownUniversity‚Å© ‚Å¶@dartmouth‚Å© https://t.co/e2tNIkmmNp,0,2022-05-24 16:34:46
201,1529131564449382402,"@TheDemocrats @POTUS @PressSec @yale @dartmouth @Harvard @CNN @MSNBC 
Our POTUS &amp; his policy toward Taiwan,now clear as mud. Refuses to expand on his prior gaffe. Best slow Joe can do is offer 1 word answers,""No!"".So,was this a walk back on his previous statement to attack China? https://t.co/QA5mudY34A",0,2022-05-24 16:05:49
202,1529129815311269889,getting fucked over by the financial aid office üìçat Dartmouth College,29,2022-05-24 15:58:52
203,1529127801273589760,"The Karen Wetterhahn Science Symposium is tomorrow @HanoverInn @dartmouth and none other than @KMirica will be the keynote speaker 
https://t.co/To03EUX44Q",9,2022-05-24 15:50:52
204,1529125338202128384,"You do not have to attend an IVY LEAGUE to have an IVY LEAGUE mentality. 

This is what our community and education system needs to enforce. 

Students should never be intimidated by @Columbia, @Harvard, @dartmouth, @Yale, and more.  They should be motivated.",1,2022-05-24 15:41:05
205,1529125005040164865,Just came back from my first archival research trip since the pandemic started (also first time re-entering my home country since the pandemic)- so great to visit the @dartmouth archives + Smith @archivalagents - I am so grateful for the help provided by these great archivists!,4,2022-05-24 15:39:45
206,1529122968332296192,@PhotoCassidy Dartmouth College...we print everything. Old alum loves paper.,0,2022-05-24 15:31:40
207,1529118330161881088,"@USEducationDept @Yale @Harvard @dartmouth @Harvard_Law @MSNBC @TheView 
Not appropriate for children K-4th grades!! https://t.co/AxuptMXVlI",0,2022-05-24 15:13:14
208,1529096696847904769,"A virtual Roundtable on ‚ÄúEarly Mortality in People with a Diagnosis of a Serious Mental Illness‚Äù. 
Dignity in mental health care and in prescribing meds is very paramount..#disruptTOGETHER  @dartmouth https://t.co/j7r8PPfBX9",13,2022-05-24 13:47:16
209,1529093216301096960,"Friends - Reminder: June 1 due date for proposals for papers on the state of the Rule of Law in the US, for consideration for @TheWJP Conference @Dartmouth and @NeukomInstitute Nov 11, 2022. Student papers too! Looking fwd https://t.co/3xvhSvOnNO",1,2022-05-24 13:33:26
210,1529085572886716419,Blessed to earn an offer from Dartmouth College!! üü¢‚ö™Ô∏è @Coach_McCorkle @STA_Football @CoachHarriott @OLIE_7 @Earl20201 @247Sports @Rivals https://t.co/bhdEMuKmD7,45,2022-05-24 13:03:04
211,1529084795392647169,@Jon85943072 @samh093 @DineshDSouza You're saying that Dinesh (the biblical scholar @Dartmouth @dartmouthalumni convicted felon) D'Souza isn't telling us the truth? https://t.co/4lvZkMUouz,1,2022-05-24 12:59:58
212,1529081663040409601,Ava Roberts- Dartmouth College https://t.co/caZ7ephkLd,5,2022-05-24 12:47:32
213,1529069701426462721,"You‚Äôve got a #friend in me! Woody and Buzz are inseparable. But what‚Äôs the ‚Äúsecret sauce‚Äù that makes two them inseparable?¬†Emma Templeton and a team from Dartmouth College investigated! @dartmouth @emma__templeton @ThaliaWheatley 

https://t.co/1dnHyAPUYl https://t.co/2ZOup4uKyv",1,2022-05-24 12:00:00
214,1529057092253908998,These great photos show Dartmouth College in the early 1900s. Do you recognize any of campus? Dartmouth College Church [i.e. https://t.co/nd3YdwVVRS,0,2022-05-24 11:09:53
215,1529054500765454337,"#Blockchain will come to play a key role in securing the privacy of healthcare data.

#VeChain is working on applications ranging from IVF to oncology to vaccination records.

Fantastic to see exciting new projects emerging from Dartmouth College. #Cryptocurrency #VeChain $VET https://t.co/nCdPxBK5du",553,2022-05-24 10:59:36
216,1529044468405612545,A River Runs Through It #Dartmouth @DartmouthMag   https://t.co/zCDEdntmM6,1,2022-05-24 10:19:44
217,1528949159356686338,Martin Luther King III calls for protecting voting rights while speaking at Dartmouth College https://t.co/JifwA96q3T,0,2022-05-24 04:01:00
218,1528930058269761542,Martin Luther King III calls for protecting voting rights while speaking at Dartmouth College https://t.co/BHuAWZ66F9,7,2022-05-24 02:45:06
219,1528911345730695168,"It was indeed an honor listening and meeting with @OfficialMLK3 at @dartmouth. I admire and echo his father, Mr. King Jr, and his legacy of non-violent reform efforts for peacemaking, reconciliation, and human rights. https://t.co/3y27Ml1fLm",4,2022-05-24 01:30:45
220,1528905414087163908,"@Lormif1 @WakeUpCall58 @NewStyle303 @ericowensdc No, SCOTUS was. The Supreme Court‚Äôs attack on state sovereignty outraged citizens and statesmen. Laws were written or re-written and new state constitutional amendments passed to circumvent the insane, treasonous Dartmouth College v Woodward ruling.",0,2022-05-24 01:07:11
221,1528892226515963904,"60 years ago today, MLK Jr. delivered a speech, ‚ÄúToward Freedom‚Äú at @dartmouth  Tonight his son, @OfficialMLK3 , delivered a speech on the same campus. I wonder if my grandparents felt any safer 60 years ago in America than I do   #PrayForBuffalo #blackmassacreproject https://t.co/Egk5l1Srx2",11,2022-05-24 00:14:46
222,1528889958227775488,@DHSgov @AliMayorkas @CNN @MSNBC @Yale @Harvard_Law @Cornell @dartmouth @Harvard How may are getting in that are never seen or caught? What is the end game to this open border madness? https://t.co/xDpQpjBNTr,0,2022-05-24 00:05:46
223,1528888296386228224,https://t.co/D3l6G84Ep9,0,2022-05-23 23:59:09
224,1528885287585460224,"@VoteCasten represents Illinois' 6th District. Sean earned a B.A. in #molecularBiology and #biochemistry from @Middlebury and a Master's in #biochemical #engineering from @dartmouth! 

https://t.co/ZfaUmL9mtB",0,2022-05-23 23:47:12
225,1528880929648812032,"@DrBiden @potus @PressSec @TheDemocrats @cnn @msnbc @brianstelter @yale @dartmouth @Cornell Well, there goes Kamala again...repeating, making word salads that make little sense... https://t.co/tB4RGANcso",0,2022-05-23 23:29:53
226,1528878591123275776,"@brianstelter @CNNPolitics @CNN 
@TheDemocrats @Harvard @Yale @Princeton @dartmouth @Harvard_Law @Penn 
Democrat's Border policy... https://t.co/JgqY70n2nx",0,2022-05-23 23:20:35
227,1528877926024105986,"@MSNBC @CNN @brianstelter 
@theview @GOP @Yale @Harvard @dartmouth @Princeton
If you light a house on fire, then wait to call the fire department, then try to help put it out, are you still considered a hero?
Just asking for a friend. https://t.co/CJP4rpti7J",0,2022-05-23 23:17:57
228,1528874675065040897,"¬°Felicitamos a Mar√≠a Clara de Greiff por ser galardonada al premio ‚ÄúSocial Justice Awards‚Äù, quien de las manos de Martin Luther King III recibir√° el Holly Fell Sateia Award!üéñÔ∏è @dartmouth 
#OrgulloMexicano üá≤üáΩ ü•≥

üëâ https://t.co/egVCf2wpOF",1,2022-05-23 23:05:02
229,1528867485033713664,"60 years ago today, the @dartmouth students and community opened their hearts and listened to my father speak. Tonight, I am extremely excited to stand in his footprints and address a new generation. 

RSVP to watch virtually tonight at 7 ‚¨áÔ∏è
https://t.co/3jPPoZQ48y https://t.co/Kr0jL8WQRS",249,2022-05-23 22:36:28
230,1528858557298397185,US marshals seek Texas woman accused of killing Dartmouth College graduate https://t.co/5c91Cj6AV2,0,2022-05-23 22:00:59
231,1528857077426311168,US marshals seek Texas woman accused of killing Dartmouth College graduate https://t.co/w3s5U1EvvN,1,2022-05-23 21:55:06
232,1528852288479059968,Thanks for visiting BV Football today! @dartmouth @DartFootball @coachdaveshula #onefamily #lynxway https://t.co/LwWf8pxISY,4,2022-05-23 21:36:04
233,1528833375716401152,"@falend_soonMD @dartmouth Thank you, Falen. Brian Reid let me know that you brought a mug and card up to the office today for me. I am humbled and grateful. Wishing you all the best as you advance in your life and career.",2,2022-05-23 20:20:55
234,1528830743576776705,"After a great phone call with @coachkeithclark, I am fired up to announce that I have received an offer from Dartmouth College! #TheWoods #Back2Back @CoachDaft @DartFootball @CoachTomBolden @LakotaWestFB https://t.co/QmMJTZsloR",165,2022-05-23 20:10:28
235,1528820452973498369,"The @Dartmouth Wind Ensemble will perform the world premiere of Rodrigo Mart√≠nez's (MF 19) ""Cumbia Moderna,"" winner of the ensemble's 2020 Composition Competition, on Friday, May 27 at the @HopkinsCenter: https://t.co/4eu8nT0Kio",1,2022-05-23 19:29:34
236,1528817707164045312,"Composer Rodrigo Martinez's (MF 19) ""Drum Kit Concerto"" will have its world premiere in the Music Mexico Symposium at @Dartmouth's @HopkinsCenter on May 26!

""Drum Kit Concerto"" was the focus of Rodrigo's fall 2019 @MacDowellResidency. #MadeAtMacDowell https://t.co/ZBxincqDiX",2,2022-05-23 19:18:40
237,1528790468447854593,"Toku Oshima se juntou a Mary Albert, f√≠sica do Dartmouth College em Hanover, nos Estados Unidos, que recrutou estudantes em Dartmouth para trabalhar em uma s√©rie de projetos, incluindo projetar casas com efici√™ncia energ√©tica e testar o potencial da cidade para energia solar.",1,2022-05-23 17:30:25
238,1528788388375052290,"@staceyabrams @MSNBC @CNNPolitics @CNN @ABC @Yale @Harvard @dartmouth @Princeton @Cornell Wow, Stacy Abrams may be the most out of touch politician yet. In addition to Top State, Georgia earned a No.¬†1 ranking in five categories, including overall cost of doing business,",0,2022-05-23 17:22:09
239,1528788191918051330,2023 Ennis QB Jackson Gilkey reports an offer from Dartmouth College. #TXHSFB #TheWoods https://t.co/r4tUCjEonV,2,2022-05-23 17:21:23
240,1528779399537078274,"We're bringing conversations about innovative, next-gen technologies to #NH! Thanks to: @NECEC @LibertyUtil_NH @NHTechAlliance @Ecosave_US @SheehanPhinney, and Tuck Revers Center for Energy, Sustainability and Innovation and @dartmouth Irving Institute for Energy and Society! https://t.co/FqdkfJh4jU",0,2022-05-23 16:46:26
241,1528778388651094017,@dartmouth Round Two if the Thank you Campaign - Thank you Dartmouth Staff across all Dartmouth campuses for all you do! Come pick up a hand written card and mug - we are behind Anonymous Hall (in front of Remsen!) https://t.co/HTClXXsq1A,15,2022-05-23 16:42:25
242,1528769003778412549,"2/ Tuvo la oportunidad de estudiar en una secundaria top de NYC, lo cual le permiti√≥ entrar a Dartmouth College.

Se recibi√≥ de la carrera de ciencias de la computaci√≥n y econom√≠a en 1995.

Justo antes del boom .com. üíª",0,2022-05-23 16:05:08
243,1528737786852950016,"Congratulations to #Fulbright @tzoniaa Zon√≠a Moore (@dartmouth '16, @PennMedicine MD), offered a grant by @FulbrightPrgm to conduct research in Mexico. Zon√≠a is experienced in the intersection of business and health, and is currently interested in the field of dermatology. https://t.co/RcxVw8JTJv",9,2022-05-23 14:01:05
244,1528729630013890561,"WHEN COVID HIT CAMPUSES
Researchers were studying student stress. Then came the pandemic, and the picture changed. Here's what happened to students.
https://t.co/v9np94Ovo5 @NIMHgov @dartmouth @Proceedings
#CovidIsNotOver #stressedout #collegestudents #pandemic https://t.co/9xsZ08xuxo",0,2022-05-23 13:28:40
245,1528702194463260672,MSB SEMINAR TODAY -- Last chance until fall! @dartmouth @DartmouthNeuro @MCBDartmouth @DartGRAD @GeiselMed @QBSdartmouth https://t.co/pMLrysx2RU,1,2022-05-23 11:39:39
246,1528694355061624835,@BrendanNyhan I honestly can't see how people like you can be political science professors at an Ivy League school like @dartmouth. You go on twitter and misconstrue notable commentary by a political of El Salvador and make an accusation. Dude I know how to study. Check yourself.,0,2022-05-23 11:08:30
247,1528667452434960386,"We compiled the most-anticipated online courses starting in June 2022. These include:

‚Ä¢ Machine Learning ‚Äî by @feamster @UChicago
‚Ä¢ University Interview Prep ‚Äî by @UniOfYork
‚Ä¢ EdTech Intro ‚Äî by @EDHEC_BSchool
‚Ä¢ Mindfulness &amp; Wellbeing ‚Äî by @dartmouth

https://t.co/K4bxRNZ7nT",4,2022-05-23 09:21:36
248,1528573197360041985,Dartmouth College Indian Class Of 1917 Early Dudley Type Senior Cane Complete https://t.co/fYdRo1pY0b eBay https://t.co/XOhd7NKOts,0,2022-05-23 03:07:04
249,1528557867275816960,"@ndnsports JJ graduates from Dartmouth with an Advanced degree in Engineering from Dartmouth College's Thayer School of Engineering 

He leaves Dartmouth with

2 Ivy Leauge Championship Rings
2 Ivy League degrees
2021 All Ivy League Tight End Honors 

Hard work pays off!! https://t.co/HAw3IOL2dE",1,2022-05-23 02:06:09
250,1528552128071053316,"https://t.co/dVc55cDwKc
Assistant Women‚Äôs Basketball Coach ‚Äì Dartmouth College
https://t.co/mrxVqgVFde https://t.co/Tv0Nt6RU1e",5,2022-05-23 01:43:21
251,1528550226868506628,"@theobro4sammich The Alabama Southern Baptists closed Judson College, Marion, Alabama. A Dartmouth College graduate was our first President in 1838, and later in the 1860s, the first President of Vassar.",2,2022-05-23 01:35:47
252,1528541515756224512,@RBReich And they should go to Dartmouth College and Yale Law school like all the other working class limousine liberals https://t.co/V20j29boy4,0,2022-05-23 01:01:10
253,1528538825076637696,"We work hard to deliver that desired Grade A+.
Use a professional writing service in:
#Statistics
#MsAccess
#Biology
#Finance
#Computertechnology
#Researchprojects
#python
#DartmouthCollege
#ÿßŸÑÿßŸáŸÑŸä
#ŸÅŸàÿ≤ÿßŸÑÿßÿ™ÿ≠ÿßÿØ
KINDLY DM https://t.co/dTkMH0eRbC",0,2022-05-23 00:50:29
254,1528526291355459584,"Shout out and congrats to J.J. Jones (Navajo), a transfer from Dartmouth College of the Ivy League, who committed to continue his football career at New Mexico State University. Jones was an All-Ivy League Tight End selection this past year at Dartmouth.
#NativeAthlete #Navajo https://t.co/XbaYobJbtN",59,2022-05-23 00:00:41
255,1528504924937625600,"Alice Little, a Dartmouth College undergrad, defended her thesis on Friday with a recommendation for high honors.  She's been studying polymicrobial biofilm communities with relevance to CF. Congrats Alice!
@DartCF https://t.co/ouWnpuvhFF",66,2022-05-22 22:35:47
256,1528484663899070465,"'A safe space for MAGA snowflakes': This far-right commentator‚Äôs Big Lie documentary is so bad even Fox News is ignoring it https://t.co/6rFdJYQpg2 

D'Souza is a constant embarrassment to himself, to #DartmouthCollege and to his #India heritage.",0,2022-05-22 21:15:16
257,1528469608579096578,"@div4gravity @JustisLadi @AmandaLarreni One of the Koch brothers died, I think. I will always be grateful for them. They gave me a scholarship to attend a seminar at Dartmouth College, in 1991.",3,2022-05-22 20:15:26
258,1528469244232482817,"camp scientifique international o√π des adolescents de 12 √† 16 ans travaillent √† r√©soudre des probl√®mes actuels globaux.
En m√™me temps, elle prend un poste d‚Äôenseignante en sciences de l‚Äôenvironnement au Dartmouth College. En tant que membre actif de nombreuses organisations",0,2022-05-22 20:14:00
259,1528464699255398400,"@HillaryClinton @DNC @TheDemocrats @CNN @MSNBC @NPR @Yale @Harvard @dartmouth @Princeton @Yale @Harvard_Law Hillary Clinton, set up in the fall of 2016, to share information with a reporter about an¬†uncorroborated alleged server¬†backchannel between Donald Trump &amp; a top Russian https://t.co/Ig6kMFQDh2",2,2022-05-22 19:55:56
260,1528433764849811458,@WhiteHouse @PressSec @POTUS @DrBiden @TheDemocrats @Yale @dartmouth @Harvard @Harvard_Law @penn @BrownUniversity @CNN @MSNBC https://t.co/aY6l6zwpLp @TheDemocrats @Yale @dartmouth @Harvard @Harvard_Law https://t.co/p82UFWD56U,0,2022-05-22 17:53:01
261,1528425513223606274,Good to see you @dartmouth ! https://t.co/5gso2AauoW,0,2022-05-22 17:20:13
262,1528422834300760065,"Getting to know the Ara Pacis!  @dartmouth students spent the afternoon studying this Augustan altar and its complex imagery

1/
@museiincomune #romanarchaeology #museum #greekromanart #roman https://t.co/rkNRmzrs46",11,2022-05-22 17:09:35
263,1528368375096913923,@realTuckFrumper D'Souza moved to the United States as an exchange student and graduated from¬†Dartmouth College. He became a naturalized citizen in 1991.,1,2022-05-22 13:33:10
